x,y,line,cp,algo,difference,oldage,id,up00,up01,up02,up10,up11,up12,up20,up21,up22,front00,front01,front02,front10,front11,front12,front20,front21,front22,right00,right01,right02,right10,right11,right12,right20,right21,right22,left00,left01,left02,left10,left11,left12,left20,left21,left22,down00,down01,down02,down10,down11,down12,down20,down21,down22,back00,back01,back02,back10,back11,back12,back20,back21,back22
9.571187,10.066523,0,start,beginner,37,0,0,W,Y,W,O,W,W,B,Y,Y,Y,O,R,B,G,R,G,Y,R,O,B,O,B,R,O,G,B,W,O,R,O,W,O,W,R,O,R,W,R,B,G,Y,G,Y,W,Y,B,R,G,G,B,Y,B,G,G
9.984759,9.822367,0,state,beginner,36,1,1,W,Y,W,O,W,W,G,B,W,R,R,R,O,G,Y,Y,B,G,O,B,O,B,R,O,B,R,W,O,R,O,W,O,W,B,Y,Y,R,O,R,G,Y,G,Y,W,Y,B,R,G,G,B,Y,B,G,G
11.000519,9.773353,0,state,beginner,39,2,2,W,Y,R,O,W,Y,G,B,G,R,R,R,O,G,G,Y,B,Y,B,B,O,R,R,B,W,O,O,O,R,O,W,O,W,B,Y,Y,R,O,G,G,Y,Y,Y,W,G,B,R,W,G,B,W,B,G,W
11.033332,9.481721,0,state,beginner,42,3,3,G,O,W,B,W,Y,G,Y,R,W,R,B,O,G,G,Y,B,Y,B,B,O,G,R,B,W,O,O,O,R,R,W,O,R,B,Y,R,R,O,G,G,Y,Y,Y,W,G,B,R,W,G,B,W,Y,W,O
10.025011,9.286995,0,state,beginner,42,4,4,G,O,W,B,W,W,G,Y,O,W,R,W,O,G,Y,Y,B,R,O,B,O,B,R,O,B,G,W,O,R,R,W,O,R,B,Y,R,R,O,B,G,Y,G,Y,W,Y,B,R,G,G,B,Y,Y,W,G
9.477349,8.466703,0,state,beginner,40,5,5,G,O,W,B,W,W,B,O,R,R,B,Y,Y,G,O,W,R,W,O,B,O,B,R,O,B,Y,R,O,R,R,W,O,R,B,G,W,O,Y,G,G,Y,G,Y,W,Y,B,R,G,G,B,Y,Y,W,G
9.14902,7.580286999999998,0,state,beginner,41,6,6,G,O,W,B,W,W,B,O,R,R,B,Y,Y,G,O,R,O,O,O,B,B,B,R,R,B,Y,G,W,R,R,R,O,R,W,G,W,G,G,Y,Y,Y,W,O,G,Y,B,W,O,G,B,Y,Y,W,G
9.309843,7.291297,0,state,beginner,38,7,7,G,O,W,B,W,W,W,G,W,R,Y,R,O,G,B,O,O,Y,O,B,B,B,R,R,B,O,R,W,R,R,R,O,R,Y,G,G,G,Y,B,Y,Y,W,O,G,Y,B,W,O,G,B,Y,Y,W,G
10.120699,6.8742056,0,state,beginner,39,8,8,G,O,W,B,W,W,W,G,W,R,Y,R,O,G,B,R,R,B,O,B,B,B,R,W,B,O,O,O,R,R,O,O,R,Y,G,G,B,W,Y,Y,Y,G,G,Y,O,Y,R,W,G,B,Y,Y,W,G
10.91095,6.815649499999999,0,state,beginner,42,9,9,G,O,W,B,W,W,Y,G,G,R,O,R,R,G,Y,B,B,R,O,B,B,B,R,W,W,G,W,O,R,R,O,O,R,Y,W,B,O,O,B,Y,Y,G,G,Y,O,Y,R,W,G,B,Y,Y,W,G
11.6017065,6.8700304,0,state,beginner,42,10,10,G,O,R,B,W,Y,Y,G,R,R,O,B,R,G,G,B,B,O,W,B,O,G,R,B,W,W,B,O,R,R,O,O,R,Y,W,B,O,O,W,Y,Y,Y,G,Y,G,Y,R,W,G,B,W,Y,W,G
11.932614,6.199974,0,state,beginner,39,11,11,Y,B,G,G,W,O,R,Y,R,W,G,W,R,G,G,B,B,O,Y,B,O,W,R,B,G,W,B,O,R,R,O,O,O,Y,W,B,O,O,W,Y,Y,Y,G,Y,G,Y,R,W,G,B,W,B,R,R
11.532511,5.9027624,0,state,beginner,38,12,12,Y,B,W,G,W,W,R,Y,R,W,G,G,R,G,O,B,B,R,O,B,B,B,R,W,Y,W,G,O,R,R,O,O,O,Y,W,B,O,O,W,Y,Y,G,G,Y,O,Y,R,W,G,B,Y,B,R,G
11.083381,5.1563654,0,state,beginner,36,13,13,Y,B,W,G,W,W,W,O,O,R,B,B,O,G,R,G,G,W,O,B,B,B,R,W,Y,W,B,O,R,R,O,O,O,Y,W,G,R,Y,R,Y,Y,G,G,Y,O,Y,R,W,G,B,Y,B,R,G
10.908904,4.33556,0,state,beginner,39,14,14,Y,B,W,G,W,W,W,O,O,R,B,B,O,G,R,B,W,B,O,B,Y,B,R,R,Y,W,W,G,R,R,G,O,O,W,W,G,R,G,O,Y,Y,Y,R,Y,G,Y,O,O,G,B,Y,B,R,G
10.948223,3.8825936,0,state,beginner,42,15,15,Y,B,O,G,W,Y,W,O,G,R,B,W,O,G,W,B,W,O,Y,R,W,B,R,W,O,B,Y,G,R,R,G,O,O,W,W,G,R,G,B,Y,Y,R,R,Y,B,Y,O,O,G,B,Y,B,R,G
10.678494,3.1725156,0,state,beginner,43,16,16,W,G,Y,O,W,B,G,Y,O,O,B,Y,O,G,W,B,W,O,B,R,W,R,R,W,G,B,Y,G,R,R,G,O,B,W,W,W,R,G,B,Y,Y,R,R,Y,B,Y,O,O,G,B,Y,G,O,R
10.25868,2.660469,0,state,beginner,40,17,17,W,G,Y,O,W,W,G,Y,O,O,B,B,O,G,R,B,W,B,G,R,B,B,R,R,Y,W,W,G,R,R,G,O,B,W,W,W,R,G,O,Y,Y,Y,R,Y,R,Y,O,Y,G,B,B,G,O,O
9.970909,1.9068033,0,state,beginner,39,18,18,W,G,Y,O,W,W,O,G,R,B,W,B,R,G,O,B,B,O,G,R,B,B,R,R,W,W,W,G,R,R,G,O,B,Y,W,W,O,Y,G,Y,Y,Y,R,Y,R,Y,O,Y,G,B,B,G,O,O
9.997808,1.4001354,0,state,beginner,36,19,19,W,G,Y,O,W,W,O,G,R,B,W,B,R,G,O,G,G,Y,G,R,O,B,R,B,W,W,B,Y,R,R,O,O,B,Y,W,W,R,Y,O,Y,Y,Y,R,Y,G,B,R,W,G,B,B,G,O,O
10.956405,0.5953174,0,state,beginner,37,20,20,W,G,O,O,W,Y,O,G,G,B,W,W,R,G,B,G,G,O,B,W,W,B,R,B,O,R,G,Y,R,R,O,O,B,Y,W,W,R,Y,Y,Y,Y,W,R,Y,R,B,R,B,G,B,O,G,O,Y
12.071749,0.23607938,0,state,beginner,34,21,21,O,Y,G,G,W,G,W,O,O,R,B,W,R,G,B,G,G,O,W,W,W,W,R,B,B,R,G,Y,R,Y,O,O,O,Y,W,G,R,Y,Y,Y,Y,W,R,Y,R,B,R,B,G,B,O,B,B,O
12.01091,0.1506223,0,state,beginner,33,22,22,R,Y,R,G,W,G,W,O,O,R,B,W,R,G,B,G,G,O,Y,R,Y,W,R,B,B,R,G,W,W,W,O,O,O,Y,W,G,R,Y,Y,Y,Y,W,G,Y,O,O,B,B,O,B,G,B,R,B
10.918548,0.3417526,0,state,beginner,35,23,23,W,G,R,O,W,Y,O,G,R,B,W,Y,R,G,B,G,G,O,B,R,Y,R,R,B,B,R,G,W,W,R,O,O,B,Y,W,W,R,Y,Y,Y,Y,W,G,Y,O,O,B,B,O,B,G,G,O,W
9.448755,0.6264854000000001,0,checkpoint,beginner,33,24,24,W,G,Y,O,W,W,O,G,O,B,W,B,R,G,G,G,G,W,G,R,B,B,R,R,Y,R,B,W,W,R,O,O,B,Y,W,W,R,Y,R,Y,Y,Y,G,Y,R,O,B,Y,O,B,B,G,O,O
8.705772999999999,-0.06839616,0,state,beginner,35,25,25,B,G,Y,R,W,W,G,G,O,R,W,B,Y,G,G,G,G,W,G,R,B,B,R,R,Y,R,B,R,B,W,W,O,W,W,O,Y,O,Y,R,O,Y,Y,G,Y,R,W,B,Y,O,B,B,O,O,O
7.8681345,-0.7474214,0,state,beginner,30,26,26,Y,W,O,G,W,G,B,R,G,W,W,Y,Y,G,G,G,G,W,B,R,B,W,R,R,R,R,B,R,B,O,W,O,O,W,O,O,O,Y,R,O,Y,Y,G,Y,R,W,B,Y,O,B,B,G,B,Y
7.235738799999999,-1.3175001,0,state,beginner,28,27,27,W,W,O,O,W,G,G,R,G,Y,W,Y,G,G,G,B,G,W,B,R,B,W,R,R,R,R,B,W,W,R,O,O,B,O,O,O,W,Y,R,Y,Y,Y,G,Y,R,O,B,Y,O,B,B,G,B,Y
7.4969287,-2.8703744,0,state,beginner,30,28,28,O,G,G,W,W,R,W,O,G,R,B,O,G,G,G,B,G,W,Y,R,B,W,R,R,Y,R,B,W,W,Y,O,O,B,O,O,G,W,Y,R,Y,Y,Y,G,Y,R,O,B,Y,O,B,B,B,W,R
6.865775,-3.4732215,0,state,beginner,31,29,29,O,G,O,W,W,G,W,O,W,R,B,R,G,G,Y,B,G,R,Y,W,Y,R,R,R,B,R,B,W,W,Y,O,O,B,O,O,G,W,Y,Y,Y,Y,B,G,Y,R,O,B,G,O,B,R,B,W,G
6.623582400000001,-3.531306,0,state,beginner,29,30,30,O,G,W,G,W,O,O,W,W,Y,B,G,G,G,Y,B,G,R,R,W,Y,B,R,R,R,R,B,W,W,G,O,O,W,O,O,B,W,Y,Y,Y,Y,B,G,Y,R,O,B,G,O,B,R,Y,R,B
7.606106,-2.8267999,0,state,beginner,32,31,31,O,G,G,G,W,R,O,W,B,Y,B,W,G,G,O,B,G,W,Y,R,B,W,R,R,R,B,R,W,W,G,O,O,W,O,O,B,W,Y,G,Y,Y,Y,G,Y,R,O,B,Y,O,B,B,Y,R,R
7.0866419999999986,-1.6933056,0,state,beginner,32,32,32,B,W,O,R,W,G,G,G,O,R,R,Y,G,G,O,B,G,W,B,R,B,W,R,R,G,B,R,W,W,R,O,O,W,O,O,Y,W,Y,G,Y,Y,Y,G,Y,R,O,B,Y,O,B,B,W,B,Y
5.9896474,-2.7341003,0,state,beginner,30,33,33,B,W,Y,R,W,O,G,G,W,R,R,G,G,G,Y,B,G,R,G,W,B,B,R,R,R,R,B,W,W,R,O,O,W,O,O,Y,W,Y,Y,Y,Y,B,G,Y,Y,O,B,O,O,B,G,W,B,O
6.049646,-2.3050263,0,state,beginner,29,34,34,Y,O,W,W,W,G,B,R,G,R,W,Y,G,G,Y,B,G,R,G,W,B,R,R,R,R,R,B,W,W,O,O,O,B,O,O,W,W,Y,Y,Y,Y,B,G,Y,Y,O,B,O,O,B,G,G,B,R
6.3088117,-1.2657125,0,state,beginner,27,35,35,Y,O,O,W,W,G,B,R,R,R,W,W,G,G,G,B,G,G,B,R,B,W,R,R,G,R,R,W,W,O,O,O,B,O,O,W,W,Y,Y,Y,Y,Y,G,Y,R,O,B,Y,O,B,B,G,B,Y
5.894323,0.41234767,0,state,beginner,27,36,36,B,R,B,W,W,G,B,R,R,R,W,W,G,G,G,B,G,G,R,Y,G,W,R,R,G,R,R,Y,O,O,O,O,B,O,O,W,W,Y,Y,Y,Y,Y,O,W,W,G,O,O,B,B,B,Y,B,Y
5.2863935999999985,0.63023144,0,state,beginner,30,37,37,R,R,B,G,W,W,B,R,B,Y,B,Y,G,G,G,B,G,G,W,Y,G,B,R,R,O,R,R,Y,O,G,O,O,W,O,O,R,W,Y,Y,Y,Y,Y,O,W,W,G,O,O,B,B,B,W,W,R
4.075693,-2.8697577,0,state,beginner,29,38,38,W,Y,G,G,W,W,B,R,B,Y,B,Y,G,G,G,B,G,G,W,W,O,B,R,R,O,R,R,R,R,B,O,O,W,O,O,R,W,Y,Y,Y,Y,Y,G,O,Y,W,B,G,W,B,O,R,B,O
3.608991000000001,-3.1263444,0,state,beginner,28,39,39,B,G,W,R,W,Y,B,W,G,O,B,W,G,G,G,B,G,G,R,W,O,B,R,R,O,R,R,R,R,Y,O,O,B,O,O,Y,W,Y,Y,Y,Y,Y,G,O,Y,W,B,G,W,B,O,R,W,B
5.3654675,0.8729254999999999,0,state,beginner,30,40,40,R,R,Y,R,W,Y,B,W,G,O,B,W,G,G,G,B,G,G,B,G,W,B,R,R,O,R,R,Y,O,G,O,O,B,O,O,Y,W,Y,Y,Y,Y,Y,O,W,R,G,O,B,B,B,W,W,W,R
5.895182599999999,0.85998946,0,state,beginner,27,41,41,B,R,R,W,W,R,G,Y,Y,O,B,B,G,G,G,B,G,G,W,G,W,W,R,R,R,R,R,Y,O,O,O,O,B,O,O,W,W,Y,Y,Y,Y,Y,O,W,R,G,O,B,B,B,W,Y,B,G
3.317939,-3.0983138,0,state,beginner,25,42,42,W,G,W,W,W,R,G,Y,Y,O,B,B,G,G,G,B,G,G,R,W,O,W,R,R,R,R,R,B,R,R,O,O,B,O,O,W,W,Y,Y,Y,Y,Y,O,O,Y,Y,B,G,B,B,O,G,W,B
4.231259,-2.4218798,0,state,beginner,24,43,43,Y,Y,G,R,W,W,W,G,W,B,W,G,G,G,G,B,G,G,W,W,O,B,R,R,R,R,R,B,R,R,O,O,W,O,O,R,W,Y,Y,Y,Y,Y,O,O,Y,Y,B,G,B,B,O,B,B,O
4.7833915000000005,-1.3614861,0,state,beginner,20,44,44,Y,O,O,R,W,W,W,G,W,B,W,G,G,G,G,B,G,G,B,R,R,B,R,R,R,R,R,W,W,O,O,O,W,O,O,R,W,Y,Y,Y,Y,Y,G,Y,Y,O,B,B,O,B,B,G,B,Y
3.113321,-1.031243,0,state,beginner,22,45,45,O,W,W,O,W,G,Y,R,W,O,W,R,G,G,G,B,G,G,G,R,R,W,R,R,B,R,R,W,W,Y,O,O,B,O,O,G,W,Y,Y,Y,Y,Y,G,Y,Y,O,B,B,O,B,B,B,B,R
2.2022927000000005,-0.65887314,0,state,beginner,25,46,46,O,W,W,O,W,G,B,R,W,O,W,R,O,G,G,Y,G,G,G,R,R,W,R,R,B,R,R,O,O,W,O,O,W,G,B,Y,O,Y,Y,G,Y,Y,B,Y,Y,W,B,B,Y,B,B,G,B,R
1.7890254,-1.5043873,0,state,beginner,24,47,47,W,G,W,W,W,R,O,O,B,W,W,Y,O,G,G,Y,G,G,R,R,R,W,R,R,O,R,R,O,O,R,O,O,B,G,B,G,O,Y,Y,G,Y,Y,B,Y,Y,W,B,B,Y,B,B,G,W,B
2.2226315,-1.9203105,0,state,beginner,23,48,48,W,G,W,O,W,R,Y,O,B,O,W,Y,G,G,G,B,G,G,R,R,R,W,R,R,O,R,R,R,B,G,O,O,B,O,O,G,W,Y,Y,Y,Y,Y,G,Y,Y,W,B,B,W,B,B,O,W,B
4.3246045,-1.1708963,0,state,beginner,24,49,49,B,O,Y,R,W,O,W,G,W,B,W,O,G,G,G,B,G,G,G,R,R,B,R,R,G,R,R,R,B,O,O,O,W,O,O,R,W,Y,Y,Y,Y,Y,G,Y,Y,W,B,B,W,B,B,Y,W,O
4.255668599999999,-0.20831108,0,state,beginner,29,50,50,R,B,O,R,W,O,W,G,W,B,W,O,G,G,G,B,G,G,B,O,Y,B,R,R,G,R,R,Y,Y,G,O,O,W,O,O,R,W,Y,Y,Y,Y,Y,R,R,G,B,B,O,B,B,W,W,W,Y
3.5290844,0.14254975,0,state,beginner,26,51,51,O,O,W,B,W,G,R,R,W,G,W,R,G,G,G,B,G,G,O,O,Y,W,R,R,B,R,R,Y,Y,Y,O,O,W,O,O,W,W,Y,Y,Y,Y,Y,R,R,G,B,B,O,B,B,W,B,B,G
2.6393828,-0.007110765,0,state,beginner,20,52,52,O,O,Y,B,W,G,R,R,W,G,W,R,G,G,G,B,G,G,G,R,R,W,R,R,B,R,R,O,O,W,O,O,W,O,O,W,W,Y,Y,Y,Y,Y,Y,Y,Y,B,B,B,B,B,B,G,W,O
-0.3871987,-2.0686162,0,state,beginner,20,53,53,W,R,R,G,W,B,Y,O,O,O,W,G,G,G,G,B,G,G,W,R,R,W,R,R,W,R,R,O,O,B,O,O,W,O,O,G,W,Y,Y,Y,Y,Y,Y,Y,Y,B,B,B,B,B,B,R,W,G
-4.178744,5.746525,0,state,beginner,24,54,54,W,R,R,G,W,B,Y,Y,W,G,G,B,G,G,G,G,W,O,W,R,R,W,R,R,O,O,G,O,O,B,O,O,W,W,R,R,O,O,Y,Y,Y,Y,Y,Y,Y,B,B,B,B,B,B,R,W,G
0.1340956,-3.6879015,0,state,beginner,24,55,55,Y,G,W,Y,W,R,W,B,R,O,W,W,G,G,G,G,W,O,R,R,R,W,R,R,G,O,G,O,O,G,O,O,G,W,R,B,O,O,Y,Y,Y,Y,Y,Y,Y,B,B,B,B,B,B,R,W,B
0.3877366,-3.2918603,0,state,beginner,24,56,56,Y,G,W,Y,W,R,Y,O,O,O,W,G,G,G,G,W,W,O,R,R,R,W,R,R,W,R,B,O,O,G,O,O,G,G,O,G,R,B,W,Y,Y,Y,Y,Y,Y,B,B,B,B,B,B,R,W,B
0.9652237,-3.642489700000001,0,state,beginner,25,57,57,Y,Y,Y,O,W,G,O,R,W,W,W,R,G,G,G,W,W,O,R,R,R,W,R,R,B,R,B,O,O,O,O,O,W,G,O,G,R,B,W,Y,Y,Y,Y,Y,Y,B,B,B,B,B,B,G,G,G
0.66648155,-4.1630836,0,state,beginner,27,58,58,Y,Y,Y,O,W,G,W,B,R,O,W,W,G,G,G,R,W,W,R,R,R,W,R,R,G,O,G,O,O,O,O,O,W,B,R,B,W,R,O,Y,Y,Y,Y,Y,Y,B,B,B,B,B,B,G,G,G
-4.6871985999999985,5.7944818,0,state,beginner,26,59,59,R,B,W,G,W,O,Y,Y,Y,G,G,G,G,G,G,R,W,W,B,R,R,W,R,R,O,O,G,O,O,G,O,O,W,B,R,R,W,R,O,Y,Y,Y,Y,Y,Y,B,B,B,B,B,B,W,W,O
-5.8442907,4.766197,0,state,beginner,25,60,60,R,B,W,G,W,O,O,O,G,G,G,W,G,G,W,G,G,R,B,R,R,W,R,R,O,R,W,O,O,G,O,O,W,Y,Y,Y,R,R,B,Y,Y,Y,Y,Y,Y,B,B,B,B,B,B,W,W,O
-6.542277,4.6841264,0,state,beginner,27,61,61,O,G,R,O,W,B,G,O,W,O,W,B,G,G,W,G,G,R,W,R,R,W,R,R,O,R,W,O,O,G,O,O,G,Y,Y,W,R,R,B,Y,Y,Y,Y,Y,Y,B,B,B,B,B,B,Y,W,G
-8.195115,3.6061397,0,state,beginner,30,62,62,O,G,B,O,W,W,G,O,R,O,W,B,G,G,Y,G,G,Y,O,W,W,R,R,R,W,R,R,O,O,G,O,O,G,Y,Y,W,R,R,B,Y,Y,B,Y,Y,G,B,B,R,B,B,B,Y,W,W
-7.417826,4.1068444,0,state,beginner,29,63,63,B,W,R,G,W,O,O,O,G,G,G,W,G,G,Y,G,G,Y,B,W,W,W,R,R,O,R,R,O,O,W,O,O,W,Y,Y,Y,R,R,B,Y,Y,B,Y,Y,G,B,B,R,B,B,B,O,R,W
-4.859588,4.160167,0,state,beginner,24,64,64,B,W,R,G,W,B,O,O,W,G,G,R,G,G,O,G,G,G,W,R,R,W,R,R,B,W,O,O,O,W,O,O,W,Y,Y,Y,R,R,W,Y,Y,Y,Y,Y,Y,B,B,B,B,B,B,O,R,G
-1.0673968,-1.7323331999999998,0,state,beginner,17,65,65,B,W,R,G,W,B,B,W,O,R,O,G,G,G,G,G,G,G,W,R,R,W,R,R,W,R,R,O,O,W,O,O,W,O,O,W,Y,Y,Y,Y,Y,Y,Y,Y,Y,B,B,B,B,B,B,O,R,G
-1.6079085,-0.9243829,0,state,beginner,16,66,66,B,G,B,W,W,W,O,B,R,W,W,W,G,G,G,G,G,G,O,R,R,R,R,R,G,R,R,O,O,R,O,O,O,O,O,G,Y,Y,Y,Y,Y,Y,Y,Y,Y,B,B,B,B,B,B,W,W,W
-5.88853,3.734956,0,state,beginner,22,67,67,B,G,B,W,W,W,O,O,G,G,G,W,G,G,W,G,G,W,O,R,R,R,R,R,O,B,R,O,O,R,O,O,O,Y,Y,Y,R,R,G,Y,Y,Y,Y,Y,Y,B,B,B,B,B,B,W,W,W
-6.7784724,3.081113,0,state,beginner,22,68,68,B,G,W,W,W,W,O,O,W,G,G,G,G,G,Y,G,G,Y,O,R,O,B,R,R,R,R,R,O,O,R,O,O,O,Y,Y,Y,R,R,B,Y,Y,B,Y,Y,W,B,B,B,B,B,W,W,W,G
-7.346241,1.4673918,0,state,beginner,27,69,69,O,W,B,O,W,G,W,W,W,R,B,O,G,G,Y,G,G,Y,W,R,O,W,R,R,G,R,R,O,O,G,O,O,G,Y,Y,G,R,R,B,Y,Y,B,Y,Y,W,B,B,B,B,B,W,Y,O,R
-4.9417577,1.9635068,0,state,beginner,23,70,70,O,W,B,O,W,W,W,W,R,R,B,B,G,G,G,G,G,W,O,R,R,R,R,R,W,W,G,O,O,G,O,O,G,Y,Y,G,R,R,O,Y,Y,Y,Y,Y,Y,B,B,B,B,B,B,Y,O,W
-4.7167277,3.678504,0,state,beginner,19,71,71,B,W,R,W,W,W,O,O,W,G,G,G,G,G,G,G,G,W,B,R,R,B,R,R,R,W,G,O,O,W,O,O,O,Y,Y,Y,R,R,O,Y,Y,Y,Y,Y,Y,B,B,B,B,B,B,O,R,W
-1.6717036,0.6264913000000001,0,checkpoint,beginner,13,72,72,B,W,R,W,W,W,R,W,G,G,G,W,G,G,G,G,G,G,B,R,R,B,R,R,O,R,R,O,O,W,O,O,O,O,O,W,Y,Y,Y,Y,Y,Y,Y,Y,Y,B,B,B,B,B,B,O,R,W
1.5412468,1.885889,0,state,beginner,22,73,73,B,W,R,B,W,W,O,W,G,B,G,W,W,G,G,R,G,G,B,R,R,B,R,R,O,R,R,O,O,O,O,O,O,W,O,W,G,Y,Y,G,Y,Y,G,Y,Y,Y,B,B,Y,B,B,Y,R,W
0.57455474,1.4059403,0,state,beginner,24,74,74,O,B,B,W,W,W,G,W,R,O,B,B,W,G,G,R,G,G,Y,R,R,R,R,R,W,R,R,O,O,B,O,O,G,W,O,W,G,Y,Y,G,Y,Y,G,Y,Y,Y,B,B,Y,B,B,W,O,O
-0.31252035,0.997686,0,state,beginner,19,75,75,O,B,B,W,W,W,R,W,R,G,B,B,G,G,G,G,G,G,Y,R,R,R,R,R,W,R,R,B,G,W,O,O,O,O,O,W,Y,Y,Y,Y,Y,Y,W,Y,Y,O,B,B,W,B,B,G,O,O
-0.47614738,0.4903778,0,state,beginner,22,76,76,R,W,O,W,W,B,R,W,B,W,R,Y,G,G,G,G,G,G,G,R,R,O,R,R,O,R,R,B,G,G,O,O,B,O,O,B,Y,Y,Y,Y,Y,Y,W,Y,Y,O,B,B,W,B,B,W,O,W
1.0476861,1.1672927,0,state,beginner,25,77,77,O,W,O,W,W,B,W,W,B,R,R,Y,W,G,G,R,G,G,G,R,R,O,R,R,O,R,R,O,O,B,O,O,G,B,B,G,W,Y,Y,G,Y,Y,G,Y,Y,Y,B,B,Y,B,B,W,O,W
1.6226901000000002,1.6868266,0,state,beginner,23,78,78,B,W,W,B,W,W,O,W,O,W,O,W,W,G,G,R,G,G,G,R,R,G,R,R,B,R,R,O,O,O,O,O,O,B,B,G,W,Y,Y,G,Y,Y,G,Y,Y,Y,B,B,Y,B,B,Y,R,R
-2.8875515,-1.6914078,0,state,beginner,14,79,79,W,W,W,W,W,W,R,W,O,W,O,W,G,G,G,G,G,G,G,R,R,G,R,R,B,R,R,O,O,G,O,O,B,O,O,B,Y,Y,Y,Y,Y,Y,Y,Y,Y,B,B,B,B,B,B,O,R,R
-2.564837,1.0018995000000002,0,state,beginner,7,80,80,R,W,W,W,W,W,O,W,W,B,G,G,G,G,G,G,G,G,O,R,R,R,R,R,R,R,R,O,O,W,O,O,O,O,O,W,Y,Y,Y,Y,Y,Y,Y,Y,Y,B,B,B,B,B,B,B,B,G
0.022391941,-0.7565515,0,state,beginner,16,81,81,B,W,W,G,W,W,G,W,W,Y,G,G,Y,G,G,Y,G,G,O,R,R,R,R,R,R,R,R,W,O,W,O,O,O,O,O,O,B,Y,Y,B,Y,Y,B,Y,Y,R,B,B,W,B,B,O,B,G
-0.04476642,-0.35416505,0,state,beginner,23,82,82,G,G,B,W,W,W,W,W,W,R,R,O,Y,G,G,Y,G,G,O,R,R,B,R,R,G,R,R,W,O,Y,O,O,G,O,O,G,B,Y,Y,B,Y,Y,B,Y,Y,R,B,B,W,B,B,O,O,W
-9.134176,-1.496703,0,state,beginner,31,83,83,G,G,O,W,W,G,W,W,G,R,R,Y,Y,G,Y,Y,G,Y,G,B,O,R,R,R,R,R,R,W,O,Y,O,O,G,O,O,G,B,Y,B,B,Y,B,B,Y,W,R,B,B,W,B,W,O,O,W
-8.490205,-2.2366862000000003,0,state,beginner,27,84,84,O,G,G,G,W,W,G,W,W,Y,G,G,Y,G,Y,Y,G,Y,Y,B,O,R,R,R,R,R,R,W,O,W,O,O,O,O,O,O,B,Y,B,B,Y,B,B,Y,W,R,B,B,W,B,W,G,R,R
-7.7482123,-1.7758702000000002,0,state,beginner,18,85,85,R,G,G,W,W,W,G,W,W,O,G,G,G,G,Y,G,G,Y,Y,B,O,R,R,R,R,R,R,O,O,W,O,O,O,O,O,W,Y,Y,B,Y,Y,B,Y,Y,W,B,B,B,B,B,W,B,R,R
-8.388239,-0.7604,0,state,beginner,21,86,86,G,W,R,W,W,G,W,W,G,R,R,Y,G,G,Y,G,G,Y,B,B,O,R,R,R,R,R,R,O,O,O,O,O,G,O,O,G,Y,Y,B,Y,Y,B,Y,Y,W,B,B,B,B,B,W,W,O,W
-1.5618869,-0.11903631,0,state,beginner,13,87,87,G,W,B,W,W,W,W,W,W,R,R,R,G,G,G,G,G,G,O,R,R,B,R,R,B,R,R,O,O,O,O,O,G,O,O,G,Y,Y,Y,Y,Y,Y,Y,Y,Y,B,B,B,B,B,B,W,O,W
-3.0310469,-1.8718475,0,state,beginner,13,88,88,W,W,W,W,W,W,B,W,G,W,O,W,G,G,G,G,G,G,G,R,R,G,R,R,O,R,R,O,O,B,O,O,B,O,O,O,Y,Y,Y,Y,Y,Y,Y,Y,Y,B,B,B,B,B,B,R,R,R
-4.9332237,-6.3670415999999985,0,state,beginner,21,89,89,W,W,B,W,W,B,B,W,R,W,O,W,G,G,W,G,G,G,R,R,R,R,R,R,G,G,O,O,O,B,O,O,B,O,O,O,Y,Y,W,Y,Y,G,Y,Y,G,B,B,Y,B,B,Y,R,R,Y
-6.839997,-7.0592303,0,state,beginner,31,90,90,W,W,B,W,W,B,B,W,R,W,O,W,G,G,W,O,R,R,R,R,B,R,R,B,G,G,Y,G,O,B,G,O,B,G,O,O,W,G,G,Y,Y,Y,Y,Y,Y,O,O,O,B,B,Y,R,R,Y
-7.1028604999999985,-5.2129884,0,state,beginner,26,91,91,W,W,W,W,W,W,B,W,R,W,O,G,G,G,Y,O,R,Y,G,R,R,G,R,R,Y,B,B,G,O,B,G,O,B,G,O,O,W,G,O,Y,Y,Y,Y,Y,Y,O,O,B,B,B,B,R,R,R
-5.3312230000000005,-4.7049379999999985,0,state,beginner,22,92,92,W,W,W,W,W,W,B,W,R,W,O,G,G,G,Y,G,G,G,G,R,Y,G,R,R,Y,B,O,B,O,B,O,O,B,O,O,O,Y,Y,W,Y,Y,G,Y,Y,O,R,R,B,B,B,B,R,R,R
-5.4141793,-7.277290299999999,0,state,beginner,27,93,93,W,W,B,W,W,B,B,W,R,W,O,W,G,G,W,G,G,R,Y,R,O,R,R,B,G,G,Y,B,O,B,O,O,B,O,O,O,Y,Y,G,Y,Y,Y,Y,Y,G,R,R,W,B,B,G,R,R,O
-6.304722,-7.281232000000001,0,state,beginner,28,94,94,W,W,B,W,W,B,B,W,R,W,O,W,G,G,W,Y,B,O,Y,R,R,R,R,R,G,G,W,G,O,B,G,O,B,R,O,O,G,Y,G,Y,Y,Y,Y,Y,Y,O,O,B,B,B,G,R,R,O
-6.6440315000000005,-4.557741,0,state,beginner,26,95,95,W,W,W,W,W,W,B,W,O,W,O,G,G,G,Y,Y,B,Y,G,R,Y,G,R,R,W,R,R,G,O,B,G,O,B,R,O,O,G,Y,B,Y,Y,G,Y,Y,O,O,O,B,B,B,B,R,R,R
-5.496097,-4.175622,0,state,beginner,25,96,96,W,W,W,W,W,W,B,W,O,W,O,G,G,G,Y,G,G,R,G,R,Y,G,R,B,W,R,Y,B,O,B,O,O,B,O,O,O,Y,Y,G,Y,Y,Y,O,G,B,Y,R,R,B,B,B,R,R,R
-5.0876274000000015,-7.155291,0,state,beginner,28,97,97,W,W,R,W,W,B,B,W,R,W,O,W,G,G,W,G,G,O,Y,B,Y,R,R,R,G,G,W,B,O,B,O,O,B,O,O,O,Y,Y,G,Y,Y,Y,O,G,R,Y,R,G,B,B,Y,R,R,B
-6.125171,-6.631772,0,state,beginner,30,98,98,W,W,R,W,W,B,B,W,R,W,O,W,G,G,W,W,R,Y,Y,B,Y,R,R,R,G,G,G,G,O,B,G,O,B,O,O,O,G,Y,R,Y,Y,G,Y,Y,O,O,O,B,B,B,Y,R,R,B
-6.3118834,-4.844468599999999,0,state,beginner,27,99,99,W,W,W,W,W,W,B,W,Y,W,O,R,G,G,G,W,R,O,G,R,Y,G,R,B,G,R,Y,G,O,B,G,O,B,O,O,O,G,Y,B,Y,Y,Y,Y,Y,B,O,O,R,B,B,B,R,R,R
-4.936646499999998,-3.916728500000001,0,state,beginner,22,100,100,W,W,W,W,W,W,B,W,Y,W,O,R,G,G,G,G,G,O,G,R,O,G,R,R,G,R,W,R,O,B,O,O,B,O,O,O,Y,Y,G,Y,Y,Y,B,Y,B,Y,B,Y,B,B,B,R,R,R
-5.1595325,-6.438457499999998,0,state,beginner,26,101,101,W,W,Y,W,W,B,B,W,R,W,O,W,G,G,W,G,G,Y,O,R,W,R,R,R,G,G,G,R,O,B,O,O,B,O,O,O,Y,Y,R,Y,Y,G,B,Y,O,Y,B,G,B,B,Y,R,R,B
-6.801962400000002,-6.6444779999999986,0,state,beginner,31,102,102,W,W,Y,W,W,B,B,W,R,W,O,W,G,G,W,G,R,W,O,R,Y,R,R,B,G,G,G,G,O,B,G,O,B,Y,O,O,R,G,O,Y,Y,Y,Y,Y,B,O,O,R,B,B,Y,R,R,B
-6.718205499999999,-5.2686243,0,state,beginner,28,103,103,W,W,W,W,W,W,B,W,W,W,O,O,G,G,Y,G,R,B,G,R,O,G,R,R,G,B,Y,G,O,B,G,O,B,Y,O,O,R,G,R,Y,Y,Y,Y,Y,B,O,O,Y,B,B,B,R,R,R
-4.7582846,-4.7997475,0,state,beginner,25,104,104,W,W,W,W,W,W,B,W,W,W,O,O,G,G,Y,G,G,Y,G,R,B,G,R,R,G,B,G,Y,O,B,O,O,B,O,O,O,Y,Y,R,Y,Y,G,B,Y,R,O,R,Y,B,B,B,R,R,R
-3.1488085,-4.808547,0,state,beginner,26,105,105,W,W,W,W,W,W,W,W,B,B,B,O,G,G,Y,G,G,Y,O,R,B,O,R,R,W,B,G,Y,O,R,O,O,R,O,O,R,Y,Y,R,Y,Y,G,B,Y,R,O,R,Y,B,B,B,G,G,G
-2.5893283,-6.4402313,0,state,beginner,27,106,106,W,W,Y,W,W,B,W,W,G,B,B,W,G,G,W,G,G,B,B,R,G,R,R,B,O,O,W,Y,O,R,O,O,R,O,O,R,Y,Y,O,Y,Y,Y,B,Y,Y,O,R,R,B,B,G,G,G,R
-1.8327098,-6.480132,0,state,beginner,28,107,107,W,W,Y,W,W,B,W,W,G,B,B,W,G,G,W,W,B,G,B,R,O,R,R,R,O,O,R,G,O,R,G,O,R,B,O,R,O,Y,Y,Y,Y,Y,Y,Y,B,O,O,Y,B,B,G,G,G,R
-1.928574,-5.3553596,0,state,beginner,27,108,108,W,W,W,W,W,W,W,W,G,B,B,Y,G,G,Y,W,B,B,O,R,B,O,R,R,R,R,O,G,O,R,G,O,R,B,O,R,O,Y,Y,Y,Y,G,Y,Y,R,O,O,Y,B,B,B,G,G,G
-2.65444,-4.994438,0,state,beginner,23,109,109,W,W,W,W,W,W,W,W,G,B,B,Y,G,G,Y,G,G,B,O,R,B,O,R,B,R,R,W,Y,O,R,O,O,R,O,O,R,Y,Y,O,Y,Y,Y,R,G,Y,B,R,O,B,B,B,G,G,G
-2.3869288,-6.779807000000001,0,state,beginner,25,110,110,W,W,O,W,W,B,W,W,G,B,B,W,G,G,W,G,G,G,B,B,W,R,R,R,O,O,R,Y,O,R,O,O,R,O,O,R,Y,Y,Y,Y,Y,Y,R,G,B,B,R,O,B,B,Y,G,G,Y
-1.703952,-6.649085,0,state,beginner,32,111,111,W,W,O,W,W,B,W,W,G,B,B,W,G,G,W,R,R,W,B,B,B,R,R,R,O,O,O,G,O,R,G,O,R,G,O,R,Y,Y,B,Y,Y,G,Y,Y,R,O,O,Y,B,B,Y,G,G,Y
-1.8292853,-4.7796397000000015,0,state,beginner,24,112,112,W,W,W,W,W,W,W,W,W,B,B,B,G,G,G,R,R,R,O,R,B,O,R,B,O,R,B,G,O,R,G,O,R,G,O,R,Y,Y,Y,Y,Y,Y,Y,Y,Y,O,O,O,B,B,B,G,G,G
-2.9339027,-0.52674776,0,state,beginner,12,113,113,W,W,W,W,W,W,W,W,W,B,B,B,G,G,G,G,G,G,O,R,R,O,R,R,O,R,R,O,O,R,O,O,R,O,O,R,Y,Y,Y,Y,Y,Y,Y,Y,Y,B,B,B,B,B,B,G,G,G
-2.5766976,1.594689,0,end,beginner,0,114,114,W,W,W,W,W,W,W,W,W,G,G,G,G,G,G,G,G,G,R,R,R,R,R,R,R,R,R,O,O,O,O,O,O,O,O,O,Y,Y,Y,Y,Y,Y,Y,Y,Y,B,B,B,B,B,B,B,B,B
11.1174135,-3.620328,1,start,fridrich,39,0,115,O,B,Y,O,W,R,Y,R,O,R,W,G,O,G,G,R,R,B,G,W,R,B,R,Y,W,Y,R,O,O,Y,G,O,W,W,G,B,G,Y,W,W,Y,B,B,R,G,W,G,Y,Y,B,B,B,O,O
11.231556,-3.9407594,1,state,fridrich,42,1,116,O,B,Y,O,W,R,Y,R,O,R,W,G,O,G,G,R,Y,R,G,W,W,B,R,G,W,Y,Y,R,O,Y,R,O,W,B,G,B,W,B,G,Y,Y,R,G,W,B,W,G,O,Y,B,B,B,O,O
11.764502,-4.746902,1,state,fridrich,40,2,117,O,B,Y,O,W,R,W,Y,Y,G,G,R,W,G,Y,R,O,R,G,W,W,B,R,G,G,B,W,R,O,Y,R,O,W,Y,R,O,B,G,B,Y,Y,R,G,W,B,W,G,O,Y,B,B,B,O,O
12.556195,-4.9120855,1,state,fridrich,41,3,118,O,B,R,O,W,Y,W,Y,R,G,G,B,W,G,R,R,O,B,G,B,G,B,R,W,W,G,W,R,O,Y,R,O,W,Y,R,O,B,G,O,Y,Y,B,G,W,O,W,G,Y,Y,B,R,B,O,Y
12.6639185,-5.1418233,1,state,fridrich,44,4,119,W,O,O,Y,W,B,R,Y,R,W,B,G,W,G,R,R,O,B,B,B,G,O,R,W,Y,G,W,R,O,G,R,O,G,Y,R,B,B,G,O,Y,Y,B,G,W,O,W,G,Y,Y,B,R,O,W,Y
11.535734,-5.2045746,1,state,fridrich,44,5,120,W,O,Y,Y,W,R,R,Y,Y,W,B,O,W,G,B,R,O,R,G,W,W,B,R,G,B,O,Y,R,O,G,R,O,G,Y,R,B,B,G,G,Y,Y,R,G,W,B,W,G,O,Y,B,B,O,W,O
10.3137,-6.0224514000000005,1,state,fridrich,40,6,121,W,O,Y,Y,W,R,G,G,B,R,O,R,B,G,W,O,B,W,G,W,W,B,R,G,Y,R,B,R,O,G,R,O,G,B,O,Y,Y,Y,R,Y,Y,R,G,W,B,W,G,O,Y,B,B,O,W,O
10.000024,-6.263478,1,state,fridrich,37,7,122,W,O,Y,Y,W,R,G,G,B,R,O,R,B,G,W,B,G,W,G,W,W,B,R,G,Y,R,O,O,O,G,B,O,G,W,O,Y,R,R,B,Y,Y,W,Y,Y,G,B,R,R,Y,B,B,O,W,O
8.578337,-7.1338058,1,state,fridrich,30,8,123,Y,R,B,O,W,G,W,Y,G,G,G,Y,B,G,W,B,G,W,R,W,W,O,R,G,R,R,O,O,O,O,B,O,W,W,O,O,R,R,B,Y,Y,W,Y,Y,G,B,R,R,Y,B,B,G,B,Y
8.183978999999999,-7.220497999999999,1,state,fridrich,33,9,124,Y,R,B,O,W,G,B,R,R,W,G,B,W,G,B,Y,G,G,R,W,W,O,R,G,W,O,O,O,O,O,B,O,W,R,R,O,G,Y,W,Y,Y,W,Y,Y,G,B,R,R,Y,B,B,G,B,Y
7.182187599999999,-7.209697999999999,1,state,fridrich,33,10,125,Y,R,B,O,W,G,B,R,R,W,G,B,W,G,B,O,G,W,R,W,B,O,R,R,W,O,R,Y,O,O,G,O,W,G,R,O,W,W,G,Y,Y,Y,G,Y,Y,R,B,O,Y,B,B,G,B,Y
6.794691,-7.238975999999999,1,state,fridrich,35,11,126,Y,R,O,O,W,B,B,R,Y,W,G,B,W,G,G,O,G,R,B,R,R,W,R,O,R,O,W,Y,O,O,G,O,W,G,R,O,W,W,B,Y,Y,B,G,Y,W,R,B,G,Y,B,Y,G,B,Y
5.9993176,-7.029080400000002,1,state,fridrich,40,12,127,B,O,Y,R,W,R,Y,B,O,R,W,B,W,G,G,O,G,R,G,R,R,B,R,O,Y,O,W,Y,O,W,G,O,G,G,R,B,W,W,B,Y,Y,B,G,Y,W,R,B,G,Y,B,Y,O,W,O
5.6841903,-6.9217515,1,state,fridrich,40,13,128,B,O,B,R,W,G,Y,B,R,R,W,B,W,G,B,O,G,W,Y,B,G,O,R,R,W,O,R,Y,O,W,G,O,G,G,R,B,W,W,G,Y,Y,Y,G,Y,O,R,B,Y,Y,B,R,O,W,O
4.0864673,-6.7176027000000005,1,state,fridrich,36,14,129,B,O,B,R,W,G,G,W,W,W,G,O,B,G,W,B,W,R,Y,B,G,O,R,R,G,R,B,Y,O,W,G,O,G,W,O,R,R,B,Y,Y,Y,Y,G,Y,O,R,B,Y,Y,B,R,O,W,O
3.6053753,-6.6638474,1,state,fridrich,36,15,130,R,O,B,Y,W,G,O,W,W,B,G,O,R,G,W,G,W,R,Y,B,G,O,R,R,G,R,B,W,G,Y,O,O,O,R,G,W,W,B,Y,B,Y,Y,B,Y,O,R,B,Y,Y,B,R,G,W,O
3.0422318,-6.4847302,1,state,fridrich,37,16,131,B,G,W,O,W,W,R,Y,O,Y,O,W,R,G,W,G,W,R,O,B,G,G,R,R,B,R,B,W,G,O,O,O,W,R,G,G,W,B,Y,B,Y,Y,B,Y,O,R,B,Y,Y,B,R,Y,O,G
0.7809425999999999,7.9595118,1,state,fridrich,35,17,132,Y,G,W,R,W,W,G,Y,O,W,O,W,B,G,W,B,W,R,O,B,G,G,R,R,B,R,B,O,W,G,G,O,G,W,O,R,R,B,Y,Y,Y,Y,Y,Y,O,B,B,Y,O,B,R,R,O,G
1.4686533000000002,8.773842,1,state,fridrich,36,18,133,Y,G,W,R,W,W,Y,B,R,R,W,B,W,G,B,W,O,W,O,B,G,G,R,R,W,O,R,O,W,G,G,O,G,B,R,B,O,Y,G,Y,Y,Y,Y,Y,O,B,B,Y,O,B,R,R,O,G
1.5094285,9.559284,1,state,fridrich,37,19,134,O,G,W,Y,W,W,Y,B,R,B,W,B,O,G,B,R,O,W,O,B,G,G,R,R,W,O,R,B,R,B,G,O,G,G,W,O,Y,Y,G,R,Y,Y,Y,Y,O,R,B,Y,W,B,R,W,O,G
2.0942152,10.769489,1,state,fridrich,36,20,135,W,W,R,G,W,B,O,Y,Y,B,G,O,O,G,B,R,O,W,B,B,G,W,R,R,B,O,R,B,R,G,G,O,O,G,W,W,Y,Y,G,R,Y,Y,Y,Y,O,R,B,Y,W,B,R,O,G,W
2.189372,10.676418,1,state,fridrich,36,21,136,W,W,R,G,W,B,G,Y,Y,W,O,R,B,G,O,O,G,B,B,B,G,W,R,R,G,W,W,B,R,G,G,O,O,B,O,R,Y,Y,O,R,Y,Y,Y,Y,O,R,B,Y,W,B,R,O,G,W
1.7667315,9.677522,1,state,fridrich,35,22,137,G,G,W,Y,W,W,Y,B,R,G,W,B,B,G,O,O,G,B,O,B,G,G,R,R,W,W,W,B,R,W,G,O,O,B,O,R,Y,Y,O,R,Y,Y,Y,Y,O,R,B,Y,W,B,R,R,O,G
2.2115364,8.61664,1,checkpoint,fridrich,35,23,138,Y,G,W,R,W,W,Y,B,R,R,W,B,W,G,O,R,G,B,O,B,G,G,R,R,W,W,W,R,O,B,O,O,G,W,R,B,G,Y,O,Y,Y,Y,Y,Y,O,G,B,Y,B,B,R,O,O,G
3.6256642,8.344177,1,state,fridrich,32,24,139,Y,R,Y,B,W,G,R,W,W,W,G,O,W,G,O,R,G,B,O,B,G,O,R,R,G,W,W,R,O,R,O,O,W,W,R,B,G,Y,O,Y,Y,Y,Y,Y,O,G,B,Y,B,B,R,B,G,B
3.9256294,8.968904499999997,1,state,fridrich,36,25,140,G,R,Y,B,W,G,B,W,W,Y,G,O,B,G,O,R,G,B,O,B,G,O,R,R,G,W,W,W,O,R,R,O,O,B,W,R,W,Y,O,W,Y,Y,R,Y,O,G,B,Y,Y,B,R,Y,G,B
4.0868926,9.196652,1,state,fridrich,34,26,141,W,W,B,G,W,B,Y,R,G,B,G,Y,B,G,O,R,G,B,R,B,G,O,R,R,R,W,W,W,O,G,R,O,O,B,W,O,W,Y,O,W,Y,Y,R,Y,O,G,B,Y,Y,B,R,O,G,Y
4.1867943,7.6933784,1,state,fridrich,34,27,142,B,W,B,B,W,B,R,R,G,W,G,Y,W,G,O,R,G,B,R,B,G,O,R,R,R,W,W,G,O,O,O,O,W,W,R,B,G,Y,O,Y,Y,Y,O,Y,O,W,B,Y,G,B,R,Y,G,Y
3.741332,6.0820093,1,state,fridrich,33,28,143,B,W,Y,B,W,R,R,R,Y,W,G,B,W,G,B,R,G,G,G,R,W,B,R,W,R,O,R,G,O,O,O,O,W,W,R,B,G,Y,Y,Y,Y,O,O,Y,B,W,B,O,G,B,Y,Y,G,O
3.8983235,6.0779953,1,state,fridrich,34,29,144,R,B,B,R,W,W,Y,R,Y,R,B,G,W,G,B,R,G,G,Y,R,W,G,R,W,O,O,R,G,O,W,O,O,G,W,R,B,G,Y,Y,Y,Y,O,O,Y,B,W,B,O,G,B,Y,B,W,O
4.8652053,6.972855,1,state,fridrich,36,30,145,R,B,G,R,W,B,Y,R,G,R,B,Y,W,G,O,R,G,B,O,G,Y,O,R,R,R,W,W,G,O,W,O,O,G,W,R,B,G,Y,O,Y,Y,Y,O,Y,O,W,B,B,G,B,W,B,W,Y
5.7894809999999985,6.657347,1,state,fridrich,36,31,146,R,B,G,R,W,B,R,W,W,Y,O,B,B,G,G,R,W,R,O,G,Y,O,R,R,O,Y,G,G,O,W,O,O,G,Y,R,G,B,R,W,Y,Y,Y,O,Y,O,W,B,B,G,B,W,B,W,Y
5.777147,6.150343,1,state,fridrich,35,32,147,G,B,W,B,W,W,R,R,R,W,G,G,B,G,G,R,W,R,B,G,Y,O,R,R,Y,Y,G,G,O,Y,O,O,W,Y,R,B,B,R,W,Y,Y,Y,O,Y,O,W,B,B,G,B,W,O,O,O
5.1318730000000015,5.52617,1,state,fridrich,30,33,148,G,B,W,B,W,W,Y,R,B,R,B,W,W,G,G,R,G,G,B,G,Y,O,R,R,R,R,R,G,O,Y,O,O,W,W,R,B,G,Y,Y,Y,Y,Y,O,Y,O,W,B,B,G,B,W,O,O,O
3.7429843,4.6854153,1,state,fridrich,29,34,149,B,R,Y,W,W,B,W,B,G,O,O,O,W,G,G,R,G,G,B,G,Y,W,R,R,Y,R,R,G,O,R,O,O,O,W,R,B,G,Y,Y,Y,Y,Y,O,Y,O,W,B,B,G,B,W,W,B,R
3.642956,4.3116965,1,state,fridrich,31,35,150,B,G,Y,W,W,B,W,B,G,O,O,O,W,G,G,R,G,G,O,Y,O,W,R,R,Y,R,R,B,R,Y,O,O,O,W,R,B,G,Y,Y,Y,Y,Y,R,O,G,W,G,W,B,B,B,R,W,B
4.784879,3.951655,1,state,fridrich,32,36,151,G,B,W,B,W,W,Y,G,B,B,W,R,W,G,G,R,G,G,B,Y,O,O,R,R,Y,R,R,B,R,Y,O,O,W,W,R,O,G,Y,Y,Y,Y,Y,R,O,G,W,G,W,B,B,B,O,O,O
4.735473000000002,4.512033,1,state,fridrich,31,37,152,B,R,Y,B,W,W,Y,G,B,B,W,R,W,G,G,R,G,G,G,B,W,O,R,R,Y,R,R,G,O,R,O,O,W,W,R,O,G,Y,Y,Y,Y,Y,O,Y,B,W,B,O,G,B,O,W,B,O
5.799079,3.8451207,1,state,fridrich,31,38,153,Y,W,B,R,W,G,B,B,Y,R,W,O,W,G,G,R,G,G,R,B,W,W,R,R,B,R,R,G,O,O,O,O,B,W,R,W,G,Y,Y,Y,Y,Y,O,Y,B,W,B,O,G,B,O,G,O,Y
5.606691400000001,3.3827631,1,state,fridrich,35,39,154,R,B,W,R,W,G,B,B,Y,R,W,O,W,G,G,R,G,G,B,Y,O,W,R,R,B,R,R,Y,W,B,O,O,B,W,R,W,G,Y,Y,Y,Y,Y,O,O,G,G,G,W,O,B,B,Y,O,O
4.58708,3.3875868,1,state,fridrich,32,40,155,B,R,R,B,W,B,Y,G,W,B,W,B,W,G,G,R,G,G,Y,Y,O,O,R,R,O,R,R,Y,W,R,O,O,W,W,R,O,G,Y,Y,Y,Y,Y,O,O,G,G,G,W,O,B,B,W,B,B
3.68261,3.0548900000000003,1,state,fridrich,25,41,156,Y,W,R,B,W,B,Y,G,W,B,W,B,W,G,G,R,G,G,B,R,R,O,R,R,O,R,R,G,O,O,O,O,W,W,R,O,G,Y,Y,Y,Y,Y,O,Y,Y,W,B,B,G,B,B,G,O,W
2.8636615,3.6121433,1,state,fridrich,22,42,157,W,G,Y,B,W,B,R,W,Y,W,O,G,W,G,G,R,G,G,O,R,R,W,R,R,O,R,R,G,O,O,O,O,O,W,R,B,G,Y,Y,Y,Y,Y,O,Y,Y,W,B,B,G,B,B,B,W,B
2.5340204,2.9689152,1,state,fridrich,24,43,158,W,G,Y,G,W,B,B,W,Y,W,O,G,B,G,G,R,G,G,O,R,R,W,R,R,O,R,R,W,O,G,R,O,O,B,O,O,W,Y,Y,W,Y,Y,R,Y,Y,G,B,B,Y,B,B,O,W,B
3.1552494,2.2890787,1,state,fridrich,26,44,159,Y,W,B,B,W,G,Y,G,W,B,W,O,B,G,G,R,G,G,O,R,R,O,R,R,G,R,R,W,O,O,R,O,W,B,O,O,W,Y,Y,W,Y,Y,R,Y,Y,G,B,B,Y,B,B,G,O,W
-0.96004415,2.3057456000000003,1,state,fridrich,18,45,160,W,W,B,W,W,G,R,G,W,G,W,O,Y,G,G,G,G,G,O,R,R,O,R,R,G,R,R,O,O,B,W,O,R,O,O,W,Y,Y,Y,B,Y,Y,Y,Y,Y,B,B,B,B,B,B,R,O,W
-0.18257111,3.4156957,1,state,fridrich,27,46,161,O,R,R,W,W,G,R,G,W,G,W,O,Y,G,G,G,G,G,Y,Y,Y,O,R,R,G,R,R,W,W,B,W,O,R,O,O,W,Y,Y,Y,B,Y,Y,B,O,O,R,B,B,O,B,B,W,B,B
1.4117407,4.0372114,1,state,fridrich,27,47,162,R,R,R,O,W,G,W,G,W,O,W,O,W,G,G,R,G,G,Y,Y,Y,O,R,R,G,R,R,O,W,W,O,O,W,W,R,B,G,Y,Y,Y,Y,Y,G,O,O,Y,B,B,B,B,B,B,B,B
1.1419606000000002,3.676348200000001,1,state,fridrich,18,48,163,O,W,W,O,W,G,W,G,W,O,W,O,W,G,G,R,G,G,R,R,R,O,R,R,G,R,R,O,O,G,O,O,W,W,R,B,G,Y,Y,Y,Y,Y,Y,Y,Y,B,B,B,B,B,B,Y,B,B
-0.0026260214,2.4368405,1,state,fridrich,20,49,164,W,G,W,W,W,G,O,O,W,G,W,B,W,G,G,R,G,G,O,R,R,W,R,R,O,R,R,O,O,B,O,O,B,W,R,Y,G,Y,Y,Y,Y,Y,Y,Y,Y,B,B,B,B,B,B,R,O,G
0.8900915999999999,-0.22433807,1,state,fridrich,25,50,165,G,G,W,W,W,G,R,O,W,G,W,B,Y,G,G,Y,G,G,O,R,R,W,R,R,O,R,R,B,B,Y,O,O,R,O,O,W,B,Y,Y,B,Y,Y,R,Y,Y,W,B,B,W,B,B,O,O,G
0.73374116,-0.99145097,1,state,fridrich,24,51,166,W,G,W,G,W,O,G,W,R,Y,R,W,Y,G,G,Y,G,G,B,R,R,W,R,R,G,R,R,B,B,G,O,O,O,O,O,O,B,Y,Y,B,Y,Y,R,Y,Y,W,B,B,W,B,B,O,W,O
-1.8820993,-1.6032463,1,checkpoint,fridrich,16,52,167,W,G,W,W,W,O,O,W,R,W,R,W,G,G,G,G,G,G,B,R,R,W,R,R,G,R,R,O,O,B,O,O,B,O,O,G,Y,Y,Y,Y,Y,Y,Y,Y,Y,B,B,B,B,B,B,R,W,O
-1.2841781,1.53267,1,state,fridrich,12,53,168,O,W,W,W,W,G,R,O,W,G,W,B,G,G,G,G,G,G,R,R,R,W,R,R,O,R,R,O,O,W,O,O,R,O,O,W,Y,Y,Y,Y,Y,Y,Y,Y,Y,B,B,B,B,B,B,G,B,B
-4.329191000000002,3.2300208,1,state,fridrich,18,54,169,O,W,W,W,W,G,O,O,W,G,G,G,G,G,W,G,G,B,R,R,R,W,R,R,R,O,W,O,O,W,O,O,R,Y,Y,Y,R,R,O,Y,Y,Y,Y,Y,Y,B,B,B,B,B,B,G,B,B
-7.922911599999999,2.8549702,1,state,fridrich,25,55,170,O,W,G,W,W,W,O,O,B,G,G,O,G,G,Y,G,G,Y,R,W,R,O,R,R,W,R,R,O,O,W,O,O,R,Y,Y,Y,R,R,B,Y,Y,B,Y,Y,B,B,B,W,B,B,G,G,B,W
-8.279906,2.1459754,1,state,fridrich,28,56,171,O,W,O,O,W,W,B,W,G,W,O,R,G,G,Y,G,G,Y,G,W,R,B,R,R,W,R,R,O,O,G,O,O,G,Y,Y,O,R,R,B,Y,Y,B,Y,Y,B,B,B,W,B,B,G,Y,R,W
-5.8215474999999985,1.835072,1,state,fridrich,21,57,172,O,W,W,O,W,G,B,W,W,W,O,O,G,G,W,G,G,G,R,R,R,W,R,R,G,B,W,O,O,G,O,O,G,Y,Y,O,R,R,R,Y,Y,Y,Y,Y,Y,B,B,B,B,B,B,Y,R,B
-5.7126384,3.3076644,1,state,fridrich,22,58,173,W,G,W,W,W,W,O,O,B,G,G,O,G,G,W,G,G,G,O,R,R,O,R,R,W,B,W,O,O,B,O,O,R,Y,Y,Y,R,R,R,Y,Y,Y,Y,Y,Y,B,B,B,B,B,B,R,W,G
-7.3029413,2.8288617,1,state,fridrich,27,59,174,W,G,O,W,W,W,O,O,G,G,G,R,G,G,Y,G,G,Y,W,O,O,B,R,R,W,R,R,O,O,B,O,O,R,Y,Y,Y,R,R,B,Y,Y,B,Y,Y,G,B,B,W,B,B,W,R,W,B
-7.7468343,1.4037688,1,state,fridrich,28,60,175,O,W,W,O,W,G,G,W,O,W,B,W,G,G,Y,G,G,Y,R,O,O,W,R,R,B,R,R,O,O,G,O,O,G,Y,Y,R,R,R,B,Y,Y,B,Y,Y,G,B,B,W,B,B,W,Y,R,B
-5.0348663,1.7852738999999995,1,state,fridrich,23,61,176,O,W,W,O,W,W,G,W,B,W,B,W,G,G,G,G,G,O,O,R,R,O,R,R,R,W,B,O,O,G,O,O,G,Y,Y,R,R,R,W,Y,Y,Y,Y,Y,Y,B,B,B,B,B,B,Y,R,G
-4.980004,3.1820896,1,state,fridrich,22,62,177,W,W,B,W,W,W,O,O,G,G,G,R,G,G,G,G,G,O,W,R,R,B,R,R,W,W,B,O,O,G,O,O,R,Y,Y,Y,R,R,W,Y,Y,Y,Y,Y,Y,B,B,B,B,B,B,O,O,R
-2.1301515,-0.014300042,1,checkpoint,fridrich,13,63,178,W,W,B,W,W,W,W,W,B,R,G,O,G,G,G,G,G,G,W,R,R,B,R,R,W,R,R,O,O,G,O,O,R,O,O,G,Y,Y,Y,Y,Y,Y,Y,Y,Y,B,B,B,B,B,B,O,O,R
-3.0451467,-0.8239719000000001,1,state,fridrich,12,64,179,W,W,W,W,W,W,B,W,B,W,B,W,G,G,G,G,G,G,O,R,R,O,R,R,R,R,R,O,O,R,O,O,G,O,O,O,Y,Y,Y,Y,Y,Y,Y,Y,Y,B,B,B,B,B,B,G,R,G
-7.670906,-0.07289578,1,state,fridrich,19,65,180,W,W,W,W,W,G,B,W,G,W,B,Y,G,G,Y,G,G,Y,R,O,O,R,R,R,R,R,R,O,O,R,O,O,G,O,O,O,Y,Y,B,Y,Y,B,Y,Y,G,B,B,W,B,B,W,G,R,B
-6.401468799999999,-1.3417431,1,state,fridrich,23,66,181,B,W,W,W,W,W,G,G,W,R,R,R,G,G,Y,G,G,Y,G,O,O,R,R,R,B,R,R,O,O,W,O,O,B,O,O,Y,Y,Y,B,Y,Y,B,Y,Y,G,B,B,W,B,B,W,O,G,R
-4.1976676,-1.1451097,1,state,fridrich,20,67,182,B,W,W,W,W,W,G,G,R,R,R,W,G,G,W,G,G,W,O,R,R,O,R,R,G,R,B,O,O,W,O,O,B,O,O,Y,Y,Y,R,Y,Y,Y,Y,Y,Y,B,B,B,B,B,B,O,G,G
-4.2873507,0.26903996,1,state,fridrich,18,68,183,G,W,B,G,W,W,R,W,W,G,O,O,G,G,W,G,G,W,O,R,R,G,R,R,G,R,B,O,O,R,O,O,R,O,O,W,Y,Y,R,Y,Y,Y,Y,Y,Y,B,B,B,B,B,B,Y,B,W
-6.3113446,-0.22219902,1,state,fridrich,21,69,184,G,W,O,G,W,W,R,W,W,G,O,R,G,G,Y,G,G,Y,G,G,O,R,R,R,B,R,R,O,O,R,O,O,R,O,O,W,Y,Y,B,Y,Y,B,Y,Y,W,B,B,B,B,B,W,Y,B,W
-8.26883,-0.39307126,1,state,fridrich,22,70,185,W,W,R,W,W,G,O,W,G,W,B,Y,G,G,Y,G,G,Y,W,G,O,R,R,R,R,R,R,O,O,B,O,O,R,O,O,G,Y,Y,B,Y,Y,B,Y,Y,W,B,B,B,B,B,W,R,O,G
-2.142168,-0.64295715,1,checkpoint,fridrich,15,71,186,W,W,B,W,W,W,O,W,G,W,B,R,G,G,G,G,G,G,O,R,R,G,R,R,W,R,R,O,O,B,O,O,R,O,O,G,Y,Y,Y,Y,Y,Y,Y,Y,Y,B,B,B,B,B,B,R,O,W
-3.0262594,0.096306264,1,state,fridrich,12,72,187,O,W,W,W,W,W,G,W,B,W,G,O,G,G,G,G,G,G,R,R,R,O,R,R,W,R,R,O,O,W,O,O,B,O,O,R,Y,Y,Y,Y,Y,Y,Y,Y,Y,B,B,B,B,B,B,G,R,B
-7.5158687,-0.2198428,1,state,fridrich,21,73,188,O,W,O,W,W,G,G,W,G,W,G,Y,G,G,Y,G,G,Y,W,O,R,R,R,R,R,R,R,O,O,W,O,O,B,O,O,R,Y,Y,B,Y,Y,B,Y,Y,B,B,B,W,B,B,W,G,R,B
-6.008836,-0.22449225,1,state,fridrich,23,74,189,G,W,G,G,W,W,O,W,O,B,R,G,G,G,Y,G,G,Y,R,O,R,B,R,R,W,R,R,O,O,R,O,O,R,O,O,W,Y,Y,B,Y,Y,B,Y,Y,B,B,B,W,B,B,W,Y,G,W
-4.5587620000000015,0.044471193,1,state,fridrich,16,75,190,G,W,W,G,W,W,O,W,W,B,R,G,G,G,W,G,G,O,R,R,R,O,R,R,R,B,W,O,O,R,O,O,R,O,O,W,Y,Y,G,Y,Y,Y,Y,Y,Y,B,B,B,B,B,B,Y,G,B
-4.509064,-1.7188233,1,state,fridrich,19,76,191,W,W,W,W,W,W,G,G,O,R,R,W,G,G,W,G,G,O,G,R,R,R,R,R,B,B,W,O,O,B,O,O,G,O,O,Y,Y,Y,G,Y,Y,Y,Y,Y,Y,B,B,B,B,B,B,R,O,R
-5.960593,-1.5233433,1,state,fridrich,22,77,192,W,W,W,W,W,W,G,G,O,R,R,G,G,G,Y,G,G,Y,B,R,G,B,R,R,W,R,R,O,O,B,O,O,G,O,O,Y,Y,Y,B,Y,Y,B,Y,Y,R,B,B,W,B,B,W,R,O,O
-7.358390299999999,-0.76526684,1,state,fridrich,16,78,193,W,W,O,W,W,G,W,W,G,B,G,Y,G,G,Y,G,G,Y,G,R,G,R,R,R,R,R,R,O,O,O,O,O,O,O,O,R,Y,Y,B,Y,Y,B,Y,Y,R,B,B,W,B,B,W,B,B,W
-2.7652354,0.9795388,1,checkpoint,fridrich,6,79,194,W,W,W,W,W,W,W,W,W,B,G,O,G,G,G,G,G,G,G,R,R,R,R,R,G,R,R,O,O,O,O,O,O,O,O,R,Y,Y,Y,Y,Y,Y,Y,Y,Y,B,B,B,B,B,B,B,B,R
-1.8808408,4.128013,1,state,fridrich,16,80,195,W,W,W,W,W,W,G,R,R,O,G,G,G,G,G,B,G,G,G,R,R,R,R,R,Y,Y,Y,O,O,O,O,O,O,W,W,W,R,O,O,Y,Y,Y,Y,Y,Y,B,B,B,B,B,B,B,B,R
-1.1403473999999998,6.0761476,1,state,fridrich,23,81,196,B,W,W,B,W,W,B,R,R,W,G,G,W,G,G,G,G,G,G,R,R,R,R,R,Y,Y,Y,W,O,O,W,O,O,W,O,O,O,O,O,G,Y,Y,B,Y,Y,R,B,B,Y,B,B,Y,B,R
-1.9299086,6.587414999999999,1,state,fridrich,25,82,197,B,W,W,B,W,W,Y,Y,Y,G,G,G,G,G,G,W,W,G,G,R,R,R,R,R,O,O,O,W,O,O,W,O,O,B,R,R,O,O,W,G,Y,Y,B,Y,Y,R,B,B,Y,B,B,Y,B,R
-2.1615899,6.577076400000001,1,state,fridrich,32,83,198,B,W,W,B,W,Y,Y,Y,Y,G,G,B,G,G,B,W,W,R,O,O,O,R,R,R,R,R,G,W,O,O,W,O,O,B,R,R,O,O,W,G,Y,W,B,Y,Y,R,B,G,Y,B,G,Y,B,G
-1.1280828,5.947668,1,state,fridrich,32,84,199,B,W,W,B,W,Y,B,R,R,W,G,G,W,G,G,R,B,B,O,O,O,R,R,R,Y,Y,Y,W,O,O,W,O,O,W,O,O,G,R,R,G,Y,W,B,Y,Y,R,B,G,Y,B,G,Y,B,G
-1.8622937,4.882413400000001,1,state,fridrich,23,85,200,W,W,W,W,W,Y,R,R,R,G,G,G,G,G,G,B,B,B,O,O,O,R,R,R,Y,Y,Y,O,O,O,O,O,O,W,W,W,R,R,R,Y,Y,W,Y,Y,Y,B,B,G,B,B,G,B,B,G
-2.6337008,5.041771,1,state,fridrich,20,86,201,W,W,W,W,W,Y,Y,Y,Y,G,G,B,G,G,B,G,G,B,O,O,O,R,R,R,R,R,R,O,O,O,O,O,O,R,R,R,W,W,W,Y,Y,W,Y,Y,Y,B,B,G,B,B,G,B,B,G
-2.778334,3.8204253,1,state,fridrich,12,87,202,W,W,W,W,W,W,Y,Y,Y,G,G,G,G,G,G,G,G,G,R,R,R,R,R,R,O,O,O,O,O,O,O,O,O,R,R,R,W,W,W,Y,Y,Y,Y,Y,Y,B,B,B,B,B,B,B,B,B
-2.5759137,1.5942907,1,end,fridrich,0,88,203,W,W,W,W,W,W,W,W,W,G,G,G,G,G,G,G,G,G,R,R,R,R,R,R,R,R,R,O,O,O,O,O,O,O,O,O,Y,Y,Y,Y,Y,Y,Y,Y,Y,B,B,B,B,B,B,B,B,B
